matrix, opencv_time, finch_time, finch_gallop_time, finch_vbl_time, finch_rle_time
mnist_train, 0.010373551, 0.0523496, 0.036382124, 0.025207469, 0.05574746
emnist_letters_train, 0.010478895, 0.078150115, 0.053947508, 0.033244565, 0.081182197
emnist_digits_train, 0.010409382, 0.076485396, 0.054029889, 0.031415233, 0.080376341
omniglot_train, 0.044696303, 1.204128008, 1.406526406, 0.435798048, 0.064980447
