dataset, opencv, finch_repeat, finch_sparse, taco_rle
omniglot, 7.8342e-6, 1.3412499999999999e-5, 9.145360000000001e-5, 3.724800000000001e-5
humansketches, 0.0008387640999999999, 0.00039043049999999994, 0.00031054939999999994, 0.0002471649
